name,uuid,processsor,secrets
red-green,00d66020-b34e-429d-9fd3-696bc15cfce2,default,3
redstone-key,01949106-2ddc-4601-9b4c-e934f5d373a6,default,3
golden-oasis,02b94b9a-8990-446a-993a-9b59de987b16,default,1
miniboss-5,0405eaf0-2f6a-466c-9b3b-d336980f7cbf,default,0
flags,05ba6123-3468-4ec3-8e32-0553a8e5d3b2,default,7
dino-dig-site,067df8a7-9d28-4fdd-a538-c6d38f126cd2,default,4
lots-of-floors,07ce87bb-a49a-412b-a8f7-c9dde9f884de,default,3
stairs,0877607a-b8a2-433a-b893-f4de7c83378a,default,4
doors,09c3072e-3099-4019-a577-7ddc17a9e29d,default,5
bloodroom-2,0b80b3d2-5b25-4d82-8bd4-429184224c60,bossroom,0
puzzle-creeper,11982f7f-703e-4d98-9d27-4e07ba3fef71,puzzle_creeper_solver,0
mines,12080b02-4ccc-49ce-9eaf-e7d8946f3984,default,10
big-red-flag,15083814-fb7b-4791-b5d7-0810dd396b01,default,2
admin,1ae1d65c-2c72-4ed6-afab-84d0de759e1e,default,0
trinity,1bea0030-0b60-4223-bf57-5f90aaca8e69,default,4
tombstone,1d98546f-4680-486b-9091-8668c72b979f,default,2
pedestal,1df3a849-2a5b-451d-8bd7-971eb608363c,default,5
waterfall,1e8d4327-7465-4bff-a8c7-505528273985,default,2
quad-lava,23d6e1f6-efa3-476b-b452-ad5cf6a37be9,default,2
grand-library,250624ee-bb7a-4330-b698-a78f5e44ba99,default,4
chambers,25956a46-7094-4a9e-b5d9-c9f8291ffef4,default,5
mossy,296fd7ea-4ac5-46e5-beb9-5d27019e3796,default,4
sloth,2b5cb4ef-00a3-4aae-baec-d2094a158d60,default,1
dueces,2ccc73b5-883f-4436-9b8f-1a32123b2cb9,default,3
castle,2d11a2bf-d1c5-402d-a201-57eb33c4f25d,default,6
wizard,2d9705f3-2e69-4035-905d-6b11d6ee270b,default,4
tomioka,2f7927cc-4ce0-4f02-a81a-88d5709248e8,default,0
entrance-edge,3042017d-90a6-4fcf-af1f-820f7bb8292a,default,0
hallway,31749ba0-8b9d-4129-b3c9-ee78d9fdb9d7,default,3
double-diamond,31766264-1004-492f-9d65-cb5deaff82f0,default,3
chains,3406a386-c56d-47de-a0ad-aa0ab74d2abb,default,2
crypt,340c5665-e59b-42c1-bf84-8fc03d38981f,default,5
cages,34639497-d991-4137-83c4-db0a25542b71,default,2
long-hall,35fb741d-b0b1-471a-a5b6-8224f99a1133,default,3
cell,388e95fc-4775-4747-8473-5329fbb8e5cc,default,1
steps,38affd31-fc6f-44cd-a41e-ae7d0589ba0d,default,1
overgrown-chains,3acb9949-d252-4f16-9983-a1fcdc38a6cf,default,2
puzzle-icefill2,3afad77e-48e0-4b67-98c2-72ccc1ee13c1,puzzle_icefill,0
museum,4067578d-c259-4f89-8b88-a891b2decbbf,default,5
perch,40fb4b64-18d7-4301-b899-0da7b1d466c1,default,2
rail-track,41086d97-5e36-41a5-88ff-d3fb296791ce,default,9
gravel,42029218-9142-4286-b184-e17b3734886f,default,6
archway,43c74bd0-77f6-4a2b-8edb-c227a72abf0f,default,3
cage,44d9b135-d2ca-4350-969e-6e9c34af2fe6,default,1
scaffolding,4538898f-8e79-4d53-aae6-08e4df6abb61,default,2
crypts-thing,4b58076d-76e8-4499-8a75-b38104a53a50,default,1
cobble-wall-pillar,4b5f4983-0453-4402-821c-804f092d1ecd,default,2
logs,4e8087d2-0c64-4558-b4ff-4be94275a320,default,4
dome,4ed557b1-553c-4ecc-b3c1-88dd9da6d33c,default,2
slabs,4f8be93c-f3e7-47ca-9e0d-87261f5fc386,default,2
red-blue,4ffce449-eab8-470b-bc8c-d30507248fc2,default,4
puzzle-tictactoe,5000be9d-3081-4a5e-8563-dd826705663a,puzzle_tictactoe_solver,1
banners,54008e69-d31e-4ed2-9ad0-870a3ad5ee1a,default,1
basement,54aaf168-7039-48dc-99a3-8d1f02d79097,default,1
lava-tomb,570ae82b-2051-496a-a731-af8d11bf1565,default,3
balcony,5aef2a82-42a3-495a-9e72-63a9b611e1cb,default,4
melon,5b6968ce-4a5b-4a48-8cb3-423ff9a7788d,default,7
bloodroom-1,5f525fd8-afe8-4390-8fac-3d2cb6019fe7,bossroom,0
black-flag,63634341-8ef3-4197-aafa-17f5875dd307,default,3
puzzle-bombdefuse,6367a338-dd48-4c30-9e03-7ff6b5c7a936,puzzle_bombdefuse,0
drop,65d8264d-f47c-4306-b89f-46e28b117511,default,2
grass-ruin,6b0dfb3e-c86c-41d1-8526-a172027dbb8d,default,3
painting,6b7256ae-8673-4c2f-825f-6cd727801ea9,default,2
slime,6c074b40-4aa9-4271-9ea7-936823fa5415,default,5
quartz-knight,6dcddc04-c094-4b9b-8c05-b101e8f3dd27,default,7
hall,6fac9602-c596-458f-9750-9b331e2cb845,default,0
market,70a1451a-5430-40bd-b20b-13245aac910a,default,5
multiflag,7294b106-7d59-4101-993c-585c48a7b2c0,default,1
sewer,77709265-8dcf-4746-a099-f556c2338ead,default,7
super-tall,7a594650-2a42-46e5-81a6-9b7d198e9c1c,default,6
arrow-trap,7d975e04-15c8-40cb-8c12-d664edc1b0d7,default,1
end,7dd6596f-c647-4144-9eec-fb4690e12251,default,2
spider,8116e928-56f1-4e0b-933a-f86b841938c8,default,9
trap-hard,81cf3e0b-70c5-4803-9169-7e7864b096ce,default,4
Sand-Dragon,83e1ab6b-ad44-469e-a6bf-71c6bebcab4b,default,1
temple,845aec22-bc9e-4d50-b8de-db67188232e9,default,3
miniboss-3,845d88aa-4feb-4df0-8887-c9d0008809cc,default,0
mushroom,86a3b53b-6ede-43bd-8988-135001149d4b,default,1
entrance-edge2,8817737a-966e-42eb-8618-27bbdd40c38b,default,0
mural,8b4ec0bf-b783-4e66-b5fa-89493ac6efa1,default,1
layers,8c184746-6857-480a-958e-f22e09bb1295,default,8
trap-very-hard2,8e6409d8-ea3f-4348-ae30-f8f1e15d05b9,default,3
pressure-plates,8f317c52-6550-42dd-829b-2a477389fe89,default,6
blue-skulls,9087fdc7-43e2-4736-b53b-33477ac65351,default,1
purple-flags,91068a01-bd3e-402c-99aa-e148f9f04c41,default,5
puzzle-water,9139cb1c-b6f3-4bac-92de-909b1eb73449,puzzle_water_solver,0
hanging-vines,9416cda0-c7ca-4377-a2a8-60493734ac81,default,1
multicolored,95c57abe-34d4-443c-baac-11d43cbc821f,default,1
overgrown,9650cb39-5f22-45f4-86cd-5d197a4266e5,default,3
knight,9890fbac-d382-4525-ab88-fe1ebc118702,default,3
puzzle-icefill,990f6e4c-f7cf-4d27-ae91-11219b85861f,puzzle_icefill,0
silvers-sword,9a0e71bf-babd-421e-a785-442c13d5a8b2,default,1
water,9b949f89-1542-4bcf-9bf3-063ec69bc5f4,default,2
atlas,9cd523a2-0c7f-4072-a374-9b99d59554ea,default,6
pillars,9fa09d68-c483-4320-872e-9e07b049ee37,default,1
red-crypt,9fea6e90-994d-4792-a742-05853b376f2c,default,3
puzzle-silverfish,a053f4fa-d6b2-4aef-ae3e-97c7eee0252e,puzzle_silverfish,0
mini-rail-track,a05c7379-d3e7-41e8-9a69-2933b4ffaa81,default,3
diagonal,a069f006-0728-4952-8d9f-1d318cee60d8,default,4
lava-ravine,a0c57185-4e1a-4fdd-979d-6ed0957e78fb,default,6
beams,a1c8fd24-c105-49b6-ba56-51dfbb7023cb,default,2
miniboss-2,a24974d4-5166-427a-9297-884ccd49818b,default,0
dip,a2c5d503-55e7-4e5c-8fc0-5d37f2ac19bf,default,2
zodd,a40a5e95-1700-406d-b167-7efb13da9599,default,1
granite,a5b419e7-49ee-4d6d-bdce-470f508b315d,default,2
miniboss-1,a637f6db-5b60-49c7-b281-87226428a394,default,0
leaves,a7321dea-d35f-44f9-a5b0-0bcaf414dc12,default,1
withermancers,a7f00d0f-bbf5-4d80-8eed-f3e28477879c,default,4
skull,ae5b48ac-43ec-4837-a34e-ac70cba71481,default,2
stone-window,af86da97-0140-44cf-a922-0af8f0885568,default,2
puzzle_kahoooooooot!,b2dce4ed-2bda-4303-a4d7-3ebb914db318,puzzle_trivia,0
lava-pool,b2df250c-4af2-4201-963c-0ee1cb6bd3de,default,3
gold,b58cfdf5-a11d-4f28-b3c4-6576e5157374,default,1
andesite,b9e8fcee-dce8-40fd-8f3a-d8cb5c3edd70,default,2
duncan,c1b1eaf0-d6de-4d1f-944b-e1b3205ef7d0,default,1
puzzle-riddle,c2ea0a41-d495-437f-86cc-235a71c49f22,puzzle_riddle_solver,0
miniboss-4,c4984e03-85e5-413d-8147-93e518163c3c,default,0
fairy,c5d36bd2-b50c-4c55-96e4-7789ca43b937,default,0
pit,c6c65c08-893a-42f7-ad9e-cecc0f0bdeaf,default,5
mirror,c6ebcdb2-4ea8-4387-b997-031bd56f7e3b,default,1
entrance-contained,c721253a-bc5f-4a0a-9a98-e05e59606a87,default,0
bridges,c9078cd2-91d4-457d-ae30-3579293821da,default,6
jumping-skulls,cab054ed-b9ea-4f54-9d23-9864a50789f0,default,1
tower,cd735e4d-d728-4432-9d31-ac1c0b4e578e,default,3
puzzle-blaze-down-to-top,cf44c95c-950e-49e0-aa4c-82c2b18d0acc,puzzle_blaze_solver,1
puzzle-box,cf6d49d3-4f1e-4ec9-836e-049573793ddd,puzzle_box,0
puzzle-blaze-top-bottom,d3e61abf-4198-4520-a950-a03761a0eb6f,puzzle_blaze_solver,1
raccoon,d4a015ae-f123-4696-8fb6-719b5a21b623,default,4
mage,d712ae5b-903a-4d80-96ee-8ee54b050ea5,default,4
redstone-warrior,dc5d63b3-3dc4-41f1-a79c-973271ba71c2,default,3
buttons,dfe5d13c-3284-4ad3-aadf-9719f2c12a6e,button_5,5
cathedral,e0608346-08a0-490b-a6d5-96786ebd5d96,default,8
catwalk,e22c44d7-4094-4230-89ba-efa438aa3615,default,6
sarcophagus,e66fe526-22c1-45bc-b4a8-d10549d7ee3f,default,3
lava-skull,e6d51aea-c715-4396-986d-2e09d31993e1,default,3
locked-away,e773dc09-f989-4d8f-8aba-43dbb71e7b62,default,1
prison-cell,e7e0bb38-8fc3-4d7c-a0c6-1fce55ac9082,default,1
well,e83ed91c-4a35-4020-985a-d0306f17117a,default,7
altar,e96feab1-39a0-4bd6-8d18-08807b7b0668,default,6
spikes,e9f4f98a-0913-4542-a02d-4ed3cec6f09b,default,3
cavern,ed57833a-01ca-4487-b516-6c3690c6221c,default,8
small-stairs,ef097340-7c03-407d-b634-7bf7af551d01,default,2
sanctuary,f8bee714-de5b-4007-a572-575fcd467c82,default,1
carpets,f9ebf3b3-1fda-4670-a296-f6ed39514129,default,1
deathmite,fd34b23c-ce7c-4df6-9f5b-0aa23ba9a758,default,6
puzzle-teleport2,ffd5411b-6ff4-4f60-b387-72f00510ec50,puzzle_teleport_solver,0